timestamp,cpu_usage_pct,ram_usage_pct,gpu_usage_pct,temperature_c,fan_rpm,battery_pct,power_watts,disk_usage_pct,network_mbps
2026-06-01T08:00:00,16,37,19,45,1319,100.0,16.4,58.0,4.49
2026-06-01T08:05:00,17,44,10,44,1307,99.9,15.4,58.0,12.39
2026-06-01T08:10:00,17,45,7,39,1000,99.8,15.0,58.01,14.33
2026-06-01T08:15:00,15,45,17,46,1447,99.7,15.8,58.01,18.97
2026-06-01T08:20:00,12,35,9,40,1000,99.6,13.5,58.01,4.59
2026-06-01T08:25:00,15,38,18,40,1000,99.5,15.9,58.02,5.18
2026-06-01T08:30:00,14,43,0,38,1000,99.4,12.9,58.02,6.21
2026-06-01T08:35:00,13,42,9,42,1066,99.3,13.9,58.02,9.17
2026-06-01T08:40:00,15,37,6,38,1120,99.2,14.2,58.02,15.68
2026-06-01T08:45:00,13,38,0,41,1217,99.1,12.6,58.03,2.67
2026-06-01T08:50:00,16,44,9,42,1314,99.1,14.9,58.03,18.76
2026-06-01T08:55:00,14,42,6,37,1109,99.0,13.8,58.03,16.29
2026-06-01T09:00:00,15,40,0,39,1062,99.0,13.2,58.04,13.7
2026-06-01T09:05:00,18,42,6,42,1114,98.8,15.2,58.04,22.22
2026-06-01T09:10:00,18,39,16,46,1518,98.7,16.7,58.04,9.12
2026-06-01T09:15:00,19,44,13,42,1230,98.6,16.6,58.05,20.01
2026-06-01T09:20:00,18,47,13,41,1177,98.6,16.2,58.05,7.86
2026-06-01T09:25:00,19,39,5,41,1000,98.4,15.4,58.05,13.56
2026-06-01T09:30:00,18,39,9,39,1142,98.4,15.7,58.05,8.56
2026-06-01T09:35:00,20,48,4,44,1436,98.3,15.6,58.06,27.82
2026-06-01T09:40:00,17,40,16,44,1399,98.2,16.3,58.06,20.06
2026-06-01T09:45:00,14,40,5,39,1090,98.2,13.6,58.06,16.91
2026-06-01T09:50:00,17,44,0,41,1000,98.1,13.9,58.07,15.3
2026-06-01T09:55:00,16,39,11,41,1144,98.1,15.2,58.07,10.27
2026-06-01T10:00:00,17,39,7,42,1142,97.9,15.0,58.07,18.18
2026-06-01T10:05:00,15,43,11,40,1150,97.8,14.9,58.08,6.65
2026-06-01T10:10:00,16,45,8,44,1440,97.7,14.8,58.08,13.25
2026-06-01T10:15:00,16,41,5,39,1000,97.6,14.3,58.08,10.35
2026-06-01T10:20:00,18,38,13,41,1158,97.6,16.2,58.08,10.58
2026-06-01T10:25:00,20,49,8,43,1310,97.5,16.2,58.09,22.58
2026-06-01T10:30:00,20,40,13,43,1240,97.4,16.9,58.09,7.81
2026-06-01T10:35:00,18,47,4,39,1150,97.3,14.9,58.09,22.4
2026-06-01T10:40:00,18,42,15,43,1153,97.2,16.6,58.1,14.83
2026-06-01T10:45:00,19,45,13,40,1000,97.1,16.6,58.1,19.81
2026-06-01T10:50:00,20,46,2,43,1163,97.1,15.3,58.1,25.67
2026-06-01T10:55:00,20,49,3,40,1065,97.0,15.4,58.1,8.3
2026-06-01T11:00:00,18,43,3,39,1000,96.9,14.8,58.11,10.86
2026-06-01T11:05:00,19,46,3,44,1273,96.8,15.1,58.11,6.22
2026-06-01T11:10:00,20,41,5,40,1139,96.7,15.8,58.11,18.03
2026-06-01T11:15:00,18,48,12,44,1425,96.6,16.1,58.12,4.86
2026-06-01T11:20:00,15,42,0,40,1000,96.5,13.2,58.12,6.15
2026-06-01T11:25:00,15,36,19,41,1154,96.4,16.1,58.12,3.07
2026-06-01T11:30:00,12,40,8,37,1069,96.3,13.4,58.13,7.85
2026-06-01T11:35:00,14,45,9,38,1010,96.2,14.2,58.13,18.29
2026-06-01T11:40:00,15,44,3,39,1145,96.1,13.7,58.13,17.61
2026-06-01T11:45:00,15,41,11,43,1369,96.1,14.9,58.13,4.04
2026-06-01T11:50:00,14,41,10,39,1000,96.0,14.4,58.14,19.05
2026-06-01T11:55:00,16,45,8,42,1132,95.9,14.8,58.14,19.73
2026-06-01T12:00:00,13,35,0,41,1169,95.8,12.6,58.14,16.33
2026-06-01T12:05:00,11,38,1,36,1000,95.6,12.0,58.15,2.28
2026-06-01T12:10:00,21,48,6,45,1478,95.6,16.2,58.15,18.49
2026-06-01T12:15:00,30,51,21,50,1832,95.4,21.6,58.15,33.63
2026-06-01T12:20:00,37,50,27,55,2230,95.3,25.0,58.16,25.01
2026-06-01T12:25:00,38,48,16,53,2198,95.2,23.7,58.16,35.8
2026-06-01T12:30:00,41,49,27,56,2335,95.1,26.4,58.16,25.7
2026-06-01T12:35:00,36,48,31,56,2474,95.0,25.2,58.16,46.24
2026-06-01T12:40:00,39,53,23,49,1797,95.0,25.1,58.17,48.57
2026-06-01T12:45:00,39,56,15,52,1982,94.9,23.9,58.17,13.64
2026-06-01T12:50:00,39,48,31,53,2079,94.8,26.3,58.17,43.68
2026-06-01T12:55:00,39,57,31,54,2404,94.7,26.3,58.18,35.05
2026-06-01T13:00:00,36,53,29,52,2140,94.6,25.0,58.18,40.5
2026-06-01T13:05:00,34,51,20,49,1683,94.6,22.9,58.18,39.75
2026-06-01T13:10:00,38,51,31,51,1923,94.5,25.9,58.19,16.45
2026-06-01T13:15:00,35,51,30,51,2075,94.4,24.8,58.19,29.25
2026-06-01T13:20:00,40,54,22,50,1768,94.3,25.3,58.19,36.91
2026-06-01T13:25:00,41,58,32,57,2664,94.1,27.2,58.2,48.92
2026-06-01T13:30:00,43,57,19,52,1954,94.0,25.9,58.2,37.97
2026-06-01T13:35:00,39,50,25,55,2439,93.9,25.4,58.2,29.57
2026-06-01T13:40:00,43,54,31,56,2540,93.8,27.7,58.2,59.68
2026-06-01T13:45:00,38,55,30,53,2251,93.6,25.8,58.21,19.24
2026-06-01T13:50:00,41,49,16,52,2009,93.5,24.8,58.21,35.5
2026-06-01T13:55:00,40,53,19,55,2210,93.4,24.9,58.21,48.07
2026-06-01T14:00:00,39,54,21,49,1681,93.4,24.8,58.22,20.74
2026-06-01T14:05:00,40,51,34,57,2658,93.3,27.1,58.22,14.06
2026-06-01T14:10:00,42,54,35,59,2607,93.2,27.9,58.22,42.93
2026-06-01T14:15:00,37,50,30,56,2433,93.0,25.4,58.23,29.21
2026-06-01T14:20:00,36,47,13,51,1947,92.9,22.6,58.23,28.77
2026-06-01T14:25:00,33,45,9,48,1685,92.8,20.9,58.23,44.92
2026-06-01T14:30:00,36,54,24,50,1783,92.7,24.2,58.23,40.25
2026-06-01T14:35:00,40,48,30,56,2387,92.6,26.5,58.24,11.89
2026-06-01T14:40:00,38,48,23,51,1857,92.5,24.7,58.24,48.18
2026-06-01T14:45:00,41,49,17,54,2327,92.4,24.9,58.24,34.82
2026-06-01T14:50:00,44,52,24,56,2467,92.4,27.0,58.25,27.57
2026-06-01T14:55:00,40,52,33,51,2081,92.3,26.9,58.25,25.8
2026-06-01T15:00:00,42,48,28,57,2504,92.2,26.9,58.25,16.47
2026-06-01T15:05:00,43,52,30,52,2168,92.0,27.5,58.26,58.49
2026-06-01T15:10:00,45,60,28,53,2255,91.9,27.9,58.26,41.65
2026-06-01T15:15:00,40,49,28,56,2404,91.9,26.2,58.26,30.52
2026-06-01T15:20:00,44,52,17,53,2162,91.9,25.9,58.26,26.8
2026-06-01T15:25:00,46,58,36,58,2514,91.8,29.5,58.27,14.24
2026-06-01T15:30:00,40,53,34,58,2484,91.6,27.1,58.27,18.96
2026-06-01T15:35:00,44,52,33,54,2120,91.5,28.3,58.27,37.56
2026-06-01T15:40:00,41,54,32,54,2227,91.4,27.2,58.28,19.41
2026-06-01T15:45:00,41,51,15,55,2247,91.3,24.6,58.28,24.76
2026-06-01T15:50:00,36,54,19,52,1968,91.2,23.5,58.28,30.49
2026-06-01T15:55:00,41,58,17,49,1793,91.1,24.9,58.28,53.39
2026-06-01T16:00:00,37,51,16,50,1958,90.9,23.3,58.29,35.91
2026-06-01T16:05:00,33,45,20,47,1702,90.9,22.5,58.29,37.43
2026-06-01T16:10:00,35,54,24,52,1993,90.8,23.9,58.29,17.29
2026-06-01T16:15:00,35,52,13,47,1589,90.8,22.2,58.3,43.71
2026-06-01T16:20:00,53,55,41,58,2741,90.7,32.7,58.3,36.7
2026-06-01T16:25:00,64,66,35,66,3427,90.5,35.6,58.3,44.47
2026-06-01T16:30:00,67,61,36,62,2832,90.5,36.9,58.31,56.68
2026-06-01T16:35:00,67,61,31,65,3261,90.4,36.1,58.31,91.79
2026-06-01T16:40:00,71,70,51,67,3371,90.3,40.5,58.31,66.99
2026-06-01T16:45:00,67,69,32,65,3159,90.3,36.2,58.31,50.7
2026-06-01T16:50:00,65,59,29,61,2992,90.2,35.1,58.32,25.64
2026-06-01T16:55:00,68,67,46,69,3600,90.1,38.7,58.32,46.15
2026-06-01T17:00:00,70,61,37,68,3658,89.9,38.0,58.32,71.56
2026-06-01T17:05:00,69,67,34,62,2904,89.9,37.2,58.33,94.35
2026-06-01T17:10:00,66,64,34,66,3243,89.8,36.2,58.33,17.33
2026-06-01T17:15:00,67,68,41,64,3183,89.7,37.6,58.33,82.0
2026-06-01T17:20:00,70,65,32,68,3491,89.6,37.3,58.34,56.17
2026-06-01T17:25:00,70,61,32,62,2969,89.6,37.3,58.34,67.63
2026-06-01T17:30:00,74,66,44,65,3355,89.6,40.5,58.34,63.74
2026-06-01T17:35:00,69,62,51,68,3439,89.4,39.8,58.34,20.05
2026-06-01T17:40:00,76,64,44,66,3238,89.4,41.2,58.35,16.75
2026-06-01T17:45:00,76,74,46,70,3746,89.3,41.5,58.35,74.7
2026-06-01T17:50:00,76,67,49,70,3800,89.2,41.9,58.35,106.03
2026-06-01T17:55:00,81,66,43,74,4099,89.1,42.8,58.36,30.92
2026-06-01T18:00:00,77,66,36,67,3353,89.1,40.4,58.36,82.14
2026-06-01T18:05:00,78,67,48,72,3765,89.0,42.5,58.36,46.57
2026-06-01T18:10:00,72,62,47,66,3459,88.9,40.2,58.37,37.4
2026-06-01T18:15:00,73,70,42,69,3576,88.8,39.8,58.37,86.32
2026-06-01T18:20:00,77,67,56,72,3910,88.8,43.4,58.37,95.95
2026-06-01T18:25:00,77,65,42,72,3769,88.7,41.2,58.38,39.51
2026-06-01T18:30:00,75,65,39,69,3644,88.7,40.1,58.38,39.25
2026-06-01T18:35:00,76,71,36,65,3193,88.6,40.0,58.38,49.52
2026-06-01T18:40:00,81,69,52,73,3925,88.5,44.1,58.38,109.0
2026-06-01T18:45:00,85,69,44,69,3637,88.5,44.4,58.39,74.51
2026-06-01T18:50:00,81,75,45,74,4170,88.3,43.1,58.39,58.43
2026-06-01T18:55:00,81,69,43,68,3509,88.3,42.8,58.39,83.75
2026-06-01T19:00:00,76,67,36,70,3728,88.2,40.0,58.4,76.34
2026-06-01T19:05:00,78,69,39,71,3940,88.1,41.1,58.4,35.13
2026-06-01T19:10:00,82,67,42,70,3810,88.0,43.0,58.4,35.59
2026-06-01T19:15:00,75,67,46,71,3695,88.0,41.1,58.41,57.97
2026-06-01T19:20:00,74,64,47,71,3684,87.9,40.9,58.41,39.63
2026-06-01T19:25:00,72,62,36,69,3654,87.7,38.6,58.41,31.28
2026-06-01T19:30:00,72,71,45,71,3827,87.7,40.0,58.41,56.96
2026-06-01T19:35:00,76,72,35,70,3604,87.7,39.8,58.42,96.56
2026-06-01T19:40:00,78,66,43,72,3919,87.6,41.8,58.42,75.71
2026-06-01T19:45:00,81,70,44,72,3768,87.5,42.9,58.42,88.46
2026-06-01T19:50:00,77,67,44,67,3487,87.5,41.6,58.43,77.89
2026-06-01T19:55:00,79,67,46,70,3826,87.4,42.5,58.43,53.54
2026-06-01T20:00:00,75,64,52,72,3802,87.3,42.0,58.43,89.16
2026-06-01T20:05:00,71,70,44,65,3106,87.2,39.4,58.44,15.63
2026-06-01T20:10:00,68,60,30,65,3108,87.1,36.3,58.44,91.14
2026-06-01T20:15:00,75,70,39,65,3270,87.0,40.1,58.44,43.73
2026-06-01T20:20:00,72,69,39,70,3848,87.0,39.1,58.44,39.29
2026-06-01T20:25:00,71,71,50,68,3519,87.0,40.3,58.45,64.42
2026-06-01T20:30:00,56,63,26,62,2904,86.9,31.5,58.45,76.61
2026-06-01T20:35:00,47,52,28,59,2843,86.9,28.6,58.45,27.04
2026-06-01T20:40:00,42,48,21,55,2419,86.7,25.8,58.46,36.23
2026-06-01T20:45:00,42,51,28,51,2012,86.6,26.9,58.46,29.49
2026-06-01T20:50:00,43,49,21,50,2029,86.5,26.2,58.46,52.38
2026-06-01T20:55:00,40,55,15,48,1725,86.4,24.2,58.47,36.83
2026-06-01T21:00:00,45,60,31,59,2704,86.4,28.4,58.47,49.36
2026-06-01T21:05:00,47,52,25,54,2333,86.3,28.2,58.47,44.12
2026-06-01T21:10:00,51,53,20,53,2251,86.3,28.8,58.47,26.28
2026-06-01T21:15:00,44,54,25,53,2110,86.2,27.1,58.48,27.86
2026-06-01T21:20:00,46,51,33,60,2696,86.1,29.0,58.48,19.71
2026-06-01T21:25:00,39,54,25,50,1996,86.0,25.4,58.48,28.8
2026-06-01T21:30:00,36,50,13,46,1478,85.9,22.6,58.49,33.61
2026-06-01T21:35:00,40,54,14,50,1777,85.9,24.1,58.49,13.02
2026-06-01T21:40:00,34,55,27,49,1883,85.8,23.9,58.49,36.53
2026-06-01T21:45:00,32,53,14,47,1623,85.7,21.3,58.49,18.61
2026-06-01T21:50:00,43,51,16,52,2217,85.6,25.4,58.5,51.56
2026-06-01T21:55:00,51,56,22,55,2388,85.5,29.1,58.5,18.8
2026-06-01T22:00:00,46,58,17,56,2551,85.4,26.6,58.5,28.25
2026-06-01T22:05:00,48,53,32,57,2551,85.3,29.6,58.51,27.09
2026-06-01T22:10:00,45,54,37,55,2274,85.2,29.3,58.51,38.96
2026-06-01T22:15:00,39,48,26,52,2059,85.1,25.5,58.51,41.86
2026-06-01T22:20:00,33,54,19,47,1489,85.0,22.4,58.52,9.94
2026-06-01T22:25:00,43,49,32,58,2555,84.9,27.8,58.52,31.83
2026-06-01T22:30:00,41,52,16,54,2382,84.8,24.8,58.52,23.57
2026-06-01T22:35:00,39,49,21,49,1680,84.8,24.8,58.52,48.4
2026-06-01T22:40:00,33,48,18,50,1959,84.7,22.2,58.53,33.77
2026-06-01T22:45:00,38,50,32,54,2369,84.7,26.1,58.53,49.19
2026-06-01T22:50:00,36,51,28,53,2254,84.6,24.8,58.53,21.59
2026-06-01T22:55:00,42,49,15,50,1888,84.5,24.9,58.54,44.81
2026-06-01T23:00:00,45,55,17,54,2180,84.4,26.3,58.54,24.22
2026-06-01T23:05:00,39,57,23,55,2421,84.3,25.1,58.54,43.9
2026-06-01T23:10:00,39,50,33,51,1889,84.2,26.6,58.55,39.17
2026-06-01T23:15:00,39,48,21,49,1701,84.1,24.8,58.55,25.06
2026-06-01T23:20:00,40,56,25,53,2050,84.0,25.8,58.55,16.43
2026-06-01T23:25:00,36,55,29,51,2027,84.0,25.0,58.55,13.56
2026-06-01T23:30:00,34,51,16,48,1700,83.9,22.3,58.56,15.35
2026-06-01T23:35:00,37,55,24,51,2140,83.9,24.5,58.56,40.41
2026-06-01T23:40:00,35,48,24,49,1684,83.8,23.9,58.56,19.29
2026-06-01T23:45:00,39,50,32,57,2625,83.7,26.4,58.57,49.41
2026-06-01T23:50:00,47,55,35,54,2345,83.7,29.7,58.57,37.47
2026-06-01T23:55:00,43,52,17,56,2360,83.5,25.6,58.57,38.22
2026-06-02T00:00:00,39,56,24,53,2151,83.4,25.2,58.58,24.19
2026-06-02T00:05:00,47,52,24,55,2393,83.3,28.0,58.58,45.87
2026-06-02T00:10:00,46,57,25,54,2234,83.3,27.8,58.58,37.27
2026-06-02T00:15:00,41,48,23,52,2181,83.3,25.8,58.59,37.95
2026-06-02T00:20:00,40,50,24,56,2379,83.2,25.6,58.59,52.03
2026-06-02T00:25:00,49,60,29,54,2226,83.1,29.5,58.59,52.66
2026-06-02T00:30:00,52,54,33,59,2791,83.0,31.1,58.59,64.59
2026-06-02T00:35:00,55,60,37,57,2435,82.9,32.8,58.6,53.65
2026-06-02T00:40:00,42,52,17,54,2345,100.0,25.2,58.6,54.4
2026-06-02T00:45:00,32,46,10,50,1820,99.9,20.7,58.6,16.19
2026-06-02T00:50:00,25,51,22,47,1568,99.8,20.1,58.61,31.96
2026-06-02T00:55:00,24,41,5,46,1496,99.7,17.1,58.61,18.0
2026-06-02T01:00:00,19,45,3,40,1074,99.6,15.1,58.61,6.02
2026-06-02T01:05:00,15,42,18,43,1186,99.6,15.9,58.62,4.07
2026-06-02T01:10:00,16,37,12,41,1015,99.5,15.4,58.62,3.73
2026-06-02T01:15:00,18,42,8,39,1001,99.4,15.5,58.62,7.38
2026-06-02T01:20:00,19,39,7,39,1000,99.3,15.7,58.62,12.35
2026-06-02T01:25:00,19,38,21,42,1313,99.3,17.8,58.63,22.85
2026-06-02T01:30:00,18,44,12,41,1046,99.2,16.1,58.63,3.94
2026-06-02T01:35:00,19,45,7,41,1222,99.1,15.7,58.63,14.0
2026-06-02T01:40:00,16,40,10,39,1000,99.1,15.1,58.64,15.42
2026-06-02T01:45:00,14,44,0,39,1145,99.0,12.9,58.64,6.45
2026-06-02T01:50:00,14,41,6,37,1068,98.9,13.8,58.64,10.88
2026-06-02T01:55:00,13,35,3,37,1023,98.9,13.0,58.65,11.82
2026-06-02T02:00:00,15,45,5,38,1140,98.8,14.0,58.65,7.69
2026-06-02T02:05:00,17,38,15,43,1279,98.7,16.2,58.65,17.61
2026-06-02T02:10:00,15,40,10,44,1447,98.6,14.8,58.65,18.06
2026-06-02T02:15:00,13,45,11,41,1200,98.5,14.2,58.66,15.7
2026-06-02T02:20:00,16,44,19,47,1658,98.4,16.4,58.66,8.61
2026-06-02T02:25:00,18,48,11,43,1345,98.3,16.0,58.66,9.92
2026-06-02T02:30:00,17,38,6,41,1000,98.2,14.8,58.67,9.43
2026-06-02T02:35:00,18,42,12,41,1113,98.0,16.1,58.67,8.79
2026-06-02T02:40:00,15,36,7,43,1267,98.0,14.3,58.67,16.02
2026-06-02T02:45:00,13,41,3,42,1274,97.9,13.0,58.67,3.6
2026-06-02T02:50:00,11,43,0,39,1000,97.9,11.8,58.68,5.97
2026-06-02T02:55:00,11,37,1,42,1299,97.8,12.0,58.68,10.83
2026-06-02T03:00:00,10,43,9,42,1298,97.7,12.8,58.68,9.61
2026-06-02T03:05:00,12,45,5,43,1130,97.6,12.9,58.69,16.65
2026-06-02T03:10:00,13,38,6,39,1118,97.5,13.5,58.69,18.04
2026-06-02T03:15:00,11,37,0,41,1219,97.5,11.8,58.69,3.92
2026-06-02T03:20:00,10,43,3,37,1095,97.3,11.9,58.7,5.07
2026-06-02T03:25:00,12,39,10,42,1186,97.2,13.7,58.7,7.47
2026-06-02T03:30:00,14,46,4,40,1000,97.1,13.5,58.7,3.91
2026-06-02T03:35:00,14,42,4,39,1000,97.0,13.5,58.7,18.75
2026-06-02T03:40:00,12,36,13,44,1293,96.9,14.1,58.71,15.19
2026-06-02T03:45:00,13,38,8,39,1031,96.9,13.8,58.71,8.62
2026-06-02T03:50:00,15,46,3,39,1096,96.8,13.7,58.71,19.79
2026-06-02T03:55:00,16,46,6,40,1000,96.7,14.5,58.72,19.54
2026-06-02T04:00:00,17,47,20,46,1664,96.7,16.9,58.72,6.56
2026-06-02T04:05:00,18,42,14,44,1509,96.6,16.4,58.72,13.25
2026-06-02T04:10:00,18,46,12,46,1411,96.6,16.1,58.73,17.05
2026-06-02T04:15:00,16,45,10,39,1111,96.5,15.1,58.73,10.14
2026-06-02T04:20:00,16,44,15,41,1162,96.4,15.8,58.73,19.61
2026-06-02T04:25:00,14,40,1,40,1092,96.4,13.0,58.73,17.18
2026-06-02T04:30:00,17,38,17,43,1379,96.3,16.5,58.74,13.86
2026-06-02T04:35:00,16,38,5,43,1238,96.2,14.3,58.74,9.01
2026-06-02T04:40:00,17,38,19,46,1650,96.2,16.8,58.74,6.71
2026-06-02T04:45:00,14,42,1,39,1000,96.1,13.0,58.75,8.48
2026-06-02T04:50:00,23,46,18,49,1924,96.0,18.7,58.75,29.36
2026-06-02T04:55:00,29,53,8,49,1821,96.0,19.3,58.75,37.49
2026-06-02T05:00:00,34,45,18,51,2072,95.9,22.6,58.76,14.71
2026-06-02T05:05:00,35,51,23,49,1916,95.9,23.7,58.76,7.04
2026-06-02T05:10:00,35,47,18,49,1739,95.8,22.9,58.76,15.01
2026-06-02T05:15:00,32,54,25,48,1670,95.8,22.9,58.77,34.49
2026-06-02T05:20:00,33,48,14,49,1705,95.7,21.6,58.77,39.24
2026-06-02T05:25:00,32,48,17,48,1812,95.6,21.8,58.77,26.22
2026-06-02T05:30:00,29,53,19,49,1743,95.5,21.0,58.77,36.87
2026-06-02T05:35:00,28,42,26,49,1843,95.4,21.7,58.78,13.73
2026-06-02T05:40:00,33,46,13,47,1609,95.3,21.5,58.78,12.35
2026-06-02T05:45:00,31,44,19,51,2122,95.2,21.7,58.78,38.14
2026-06-02T05:50:00,29,49,18,50,1874,95.0,20.8,58.79,9.84
2026-06-02T05:55:00,34,48,25,49,1948,94.9,23.6,58.79,36.71
2026-06-02T06:00:00,33,45,17,51,2017,94.8,22.1,58.79,12.96
2026-06-02T06:05:00,38,48,14,53,2199,94.8,23.4,58.8,28.0
2026-06-02T06:10:00,41,54,24,50,2047,94.7,26.0,58.8,22.25
2026-06-02T06:15:00,45,53,37,55,2328,94.6,29.3,58.8,12.73
2026-06-02T06:20:00,44,56,23,57,2382,94.4,26.8,58.8,27.09
2026-06-02T06:25:00,40,49,24,56,2301,94.3,25.6,58.81,12.58
2026-06-02T06:30:00,36,56,16,51,2070,94.3,23.0,58.81,36.86
2026-06-02T06:35:00,38,50,17,53,2285,94.1,23.8,58.81,16.3
2026-06-02T06:40:00,35,53,19,49,1825,94.1,23.1,58.82,26.3
2026-06-02T06:45:00,32,50,17,51,1975,94.0,21.8,58.82,14.82
2026-06-02T06:50:00,33,45,23,47,1646,93.9,23.0,58.82,23.12
2026-06-02T06:55:00,38,47,20,50,1937,93.9,24.3,58.83,38.09
2026-06-02T07:00:00,36,49,17,48,1769,93.7,23.2,58.83,48.19
2026-06-02T07:05:00,35,46,25,50,2033,93.7,24.0,58.83,43.64
2026-06-02T07:10:00,33,50,23,50,2031,93.6,23.0,58.83,38.9
2026-06-02T07:15:00,36,49,23,53,2051,93.5,24.1,58.84,43.19
2026-06-02T07:20:00,41,48,21,54,2203,93.4,25.5,58.84,39.93
2026-06-02T07:25:00,39,49,15,50,1882,93.3,23.9,58.84,31.75
2026-06-02T07:30:00,36,54,12,52,2195,93.1,22.4,58.85,14.13
2026-06-02T07:35:00,32,51,29,50,1774,93.1,23.5,58.85,36.01
2026-06-02T07:40:00,38,53,25,50,1901,93.0,25.0,58.85,38.57
2026-06-02T07:45:00,41,49,34,53,2262,92.9,27.5,58.85,43.75
2026-06-02T07:50:00,44,56,34,57,2508,92.9,28.5,58.86,61.0
2026-06-02T07:55:00,41,58,16,49,1881,92.9,24.8,58.86,51.63
2026-06-02T08:00:00,36,50,12,50,1974,92.8,22.4,58.86,12.81
2026-06-02T08:05:00,40,49,14,54,2207,92.7,24.1,58.87,54.77
2026-06-02T08:10:00,38,54,29,56,2576,92.6,25.6,58.87,20.88
2026-06-02T08:15:00,41,52,34,56,2499,92.5,27.5,58.87,55.37
2026-06-02T08:20:00,44,52,27,56,2578,92.4,27.4,58.88,43.87
2026-06-02T08:25:00,38,50,24,53,2028,92.3,24.9,58.88,45.32
2026-06-02T08:30:00,35,49,29,53,2170,92.3,24.6,58.88,12.03
2026-06-02T08:35:00,38,53,23,52,2218,92.1,24.7,58.88,19.2
2026-06-02T08:40:00,39,51,26,51,1891,92.0,25.5,58.89,24.14
2026-06-02T08:45:00,39,57,14,53,2175,91.9,23.8,58.89,52.35
2026-06-02T08:50:00,38,54,12,47,1493,91.8,23.1,58.89,18.22
2026-06-02T08:55:00,43,49,20,55,2323,91.8,26.0,58.9,13.32
2026-06-02T09:00:00,58,58,25,58,2656,91.7,32.0,58.9,19.06
2026-06-02T09:05:00,65,68,45,66,3446,91.6,37.5,58.9,78.86
2026-06-02T09:10:00,65,67,42,63,2962,91.5,37.0,58.91,61.69
2026-06-02T09:15:00,71,68,36,67,3301,91.5,38.2,58.91,57.62
2026-06-02T09:20:00,72,66,51,66,3289,91.4,40.9,58.91,80.78
2026-06-02T09:25:00,70,61,46,69,3576,91.3,39.4,58.91,71.87
2026-06-02T09:30:00,76,67,48,72,3778,91.2,41.8,58.92,56.99
2026-06-02T09:35:00,74,68,36,67,3384,91.1,39.3,58.92,44.77
2026-06-02T09:40:00,71,71,38,63,3079,91.1,38.5,58.92,24.36
2026-06-02T09:45:00,72,66,41,67,3337,90.9,39.4,58.93,40.77
2026-06-02T09:50:00,72,62,53,66,3454,90.8,41.2,58.93,99.31
2026-06-02T09:55:00,73,69,46,69,3489,90.7,40.4,58.93,49.66
2026-06-02T10:00:00,69,67,40,66,3465,90.7,38.1,58.94,35.09
2026-06-02T10:05:00,66,69,46,68,3583,90.6,38.0,58.94,57.56
2026-06-02T10:10:00,70,69,42,65,3124,90.5,38.8,58.94,25.06
2026-06-02T10:15:00,73,72,46,66,3485,90.4,40.4,58.95,94.25
2026-06-02T10:20:00,69,65,37,65,3279,90.3,37.7,58.95,16.85
2026-06-02T10:25:00,71,64,42,64,3180,90.2,39.1,58.95,36.06
2026-06-02T10:30:00,72,72,39,64,3187,90.1,39.1,58.95,19.61
2026-06-02T10:35:00,69,69,31,62,3041,90.0,36.8,58.96,94.45
2026-06-02T10:40:00,72,72,38,64,3105,89.9,38.9,58.96,85.93
2026-06-02T10:45:00,77,73,56,71,3868,89.8,43.4,58.96,51.81
2026-06-02T10:50:00,77,66,52,73,3855,89.7,42.8,58.97,80.2
2026-06-02T10:55:00,74,67,44,66,3477,89.6,40.5,58.97,96.08
2026-06-02T11:00:00,69,68,34,67,3297,89.4,37.2,58.97,34.88
2026-06-02T11:05:00,76,64,41,67,3326,89.3,40.7,58.98,52.52
2026-06-02T11:10:00,77,66,50,73,3834,89.3,42.5,58.98,76.81
2026-06-02T11:15:00,76,70,52,67,3575,89.2,42.4,58.98,74.22
2026-06-02T11:20:00,71,64,49,71,3751,89.1,40.2,58.98,24.02
2026-06-02T11:25:00,75,72,46,70,3811,89.0,41.1,58.99,94.88
2026-06-02T11:30:00,78,72,56,73,4051,88.9,43.7,58.99,27.49
2026-06-02T11:35:00,74,65,43,66,3443,88.8,40.4,58.99,63.68
2026-06-02T11:40:00,72,71,38,64,3256,88.7,38.9,59.0,41.25
2026-06-02T11:45:00,73,62,49,70,3689,88.6,40.9,59.0,41.85
2026-06-02T11:50:00,72,68,47,67,3368,88.5,40.2,59.0,79.7
2026-06-02T11:55:00,75,73,36,66,3395,88.5,39.6,59.01,88.3
2026-06-02T12:00:00,71,71,38,63,3052,88.4,38.5,59.01,64.75
2026-06-02T12:05:00,73,63,33,65,3146,88.3,38.5,59.01,16.06
2026-06-02T12:10:00,77,74,53,72,3820,88.2,42.9,59.01,89.85
2026-06-02T12:15:00,73,66,41,66,3394,88.2,39.7,59.02,45.85
2026-06-02T12:20:00,77,69,54,68,3583,88.1,43.1,59.02,83.89
2026-06-02T12:25:00,81,71,54,75,4285,87.9,44.4,59.02,29.49
2026-06-02T12:30:00,84,76,43,72,3925,87.9,43.9,59.03,26.56
2026-06-02T12:35:00,83,76,46,70,3827,87.7,43.9,59.03,110.36
2026-06-02T12:40:00,86,73,50,73,3939,87.7,45.6,59.03,36.46
2026-06-02T12:45:00,86,71,49,76,4108,87.6,45.4,59.03,28.39
2026-06-02T12:50:00,80,74,57,75,4154,87.5,44.5,59.04,94.92
2026-06-02T12:55:00,83,76,57,75,4187,87.5,45.6,59.04,21.86
2026-06-02T13:00:00,81,73,40,73,3941,87.4,42.3,59.04,72.53
2026-06-02T13:05:00,84,71,41,72,3759,87.3,43.5,59.05,21.86
2026-06-02T13:10:00,66,59,29,60,2917,87.2,35.4,59.05,83.87
2026-06-02T13:15:00,52,58,34,58,2668,87.1,31.3,59.05,61.79
2026-06-02T13:20:00,53,61,25,60,2772,87.1,30.3,59.06,65.74
2026-06-02T13:25:00,52,53,37,58,2626,86.9,31.8,59.06,31.47
2026-06-02T13:30:00,51,54,25,59,2840,86.9,29.6,59.06,56.6
2026-06-02T13:35:00,54,64,26,55,2405,86.8,30.8,59.06,34.83
2026-06-02T13:40:00,55,60,31,61,2909,86.7,31.9,59.07,74.12
2026-06-02T13:45:00,46,52,33,54,2386,86.6,29.0,59.07,42.55
2026-06-02T13:50:00,38,51,27,55,2495,86.6,25.3,59.07,30.89
2026-06-02T13:55:00,41,52,24,51,1990,86.5,26.0,59.08,32.85
2026-06-02T14:00:00,35,49,25,48,1761,86.5,24.0,59.08,9.17
2026-06-02T14:05:00,42,48,33,57,2645,86.3,27.6,59.08,43.68
2026-06-02T14:10:00,41,58,29,53,2256,86.3,26.7,59.09,37.0
2026-06-02T14:15:00,40,51,20,54,2367,86.1,25.0,59.09,38.65
2026-06-02T14:20:00,39,56,16,50,1784,86.0,24.0,59.09,53.86
2026-06-02T14:25:00,38,57,17,52,2154,86.0,23.8,59.09,14.91
2026-06-02T14:30:00,43,49,34,53,2198,85.9,28.1,59.1,28.87
2026-06-02T14:35:00,41,54,20,50,1846,85.7,25.4,59.1,8.22
2026-06-02T14:40:00,37,50,26,51,1881,85.7,24.8,59.1,40.72
2026-06-02T14:45:00,39,47,33,51,1940,85.6,26.6,59.11,44.97
2026-06-02T14:50:00,41,56,30,55,2401,85.5,26.9,59.11,36.84
2026-06-02T14:55:00,46,57,32,59,2779,85.5,28.9,59.11,29.61
2026-06-02T15:00:00,47,52,18,53,2285,85.3,27.1,59.12,24.72
2026-06-02T15:05:00,42,58,23,53,2201,85.3,26.1,59.12,50.16
2026-06-02T15:10:00,47,54,36,55,2485,85.1,29.8,59.12,51.27
2026-06-02T15:15:00,53,59,40,57,2476,85.0,32.5,59.12,14.4
2026-06-02T15:20:00,56,60,26,56,2523,84.9,31.5,59.13,13.25
2026-06-02T15:25:00,46,52,20,52,2219,84.8,27.1,59.13,56.72
2026-06-02T15:30:00,49,61,26,58,2621,84.6,29.0,59.13,36.34
2026-06-02T15:35:00,50,55,26,60,2654,84.6,29.4,59.14,66.04
2026-06-02T15:40:00,49,53,22,59,2807,84.4,28.4,59.14,44.96
2026-06-02T15:45:00,49,57,39,61,2889,84.4,31.0,59.14,43.11
2026-06-02T15:50:00,47,57,32,56,2404,84.2,29.2,59.15,47.26
2026-06-02T15:55:00,38,52,14,47,1520,84.2,23.4,59.15,31.47
2026-06-02T16:00:00,42,55,15,51,2094,84.1,24.9,59.15,51.32
2026-06-02T16:05:00,45,50,22,55,2358,84.0,27.1,59.16,51.47
2026-06-02T16:10:00,39,50,14,54,2218,83.9,23.8,59.16,22.0
2026-06-02T16:15:00,35,50,14,49,1712,83.8,22.4,59.16,46.73
2026-06-02T16:20:00,45,50,32,53,2240,83.7,28.6,59.16,28.51
2026-06-02T16:25:00,37,52,31,52,1972,83.6,25.6,59.17,26.32
2026-06-02T16:30:00,45,56,32,53,2026,83.4,28.6,59.17,57.02
2026-06-02T16:35:00,51,58,37,60,2746,83.3,31.4,59.17,67.87
2026-06-02T16:40:00,50,62,39,57,2613,83.2,31.4,59.18,53.38
2026-06-02T16:45:00,47,60,30,58,2512,83.0,28.9,59.18,14.34
2026-06-02T16:50:00,42,53,22,53,2215,83.0,26.0,59.18,17.38
2026-06-02T16:55:00,40,55,21,51,2037,82.9,25.1,59.19,44.4
2026-06-02T17:00:00,34,50,23,54,2248,82.8,23.3,59.19,35.19
2026-06-02T17:05:00,42,55,23,55,2449,82.7,26.1,59.19,12.9
2026-06-02T17:10:00,47,55,32,54,2229,82.7,29.2,59.19,39.16
2026-06-02T17:15:00,42,50,31,58,2488,82.6,27.3,59.2,13.61
2026-06-02T17:20:00,34,50,23,54,2155,100.0,23.3,59.2,33.86
2026-06-02T17:25:00,27,48,14,46,1603,99.9,19.6,59.2,27.09
2026-06-02T17:30:00,24,46,14,46,1622,99.8,18.5,59.21,7.79
2026-06-02T17:35:00,20,49,21,45,1323,99.7,18.1,59.21,25.12
2026-06-02T17:40:00,20,49,9,44,1390,99.7,16.4,59.21,22.19
2026-06-02T17:45:00,17,38,4,41,1149,99.5,14.5,59.22,10.36
2026-06-02T17:50:00,16,47,17,40,1141,99.4,16.1,59.22,12.64
2026-06-02T17:55:00,16,41,15,43,1207,99.3,15.8,59.22,20.03
2026-06-02T18:00:00,13,44,0,42,1070,99.2,12.6,59.22,5.2
2026-06-02T18:05:00,15,46,3,38,1079,99.1,13.7,59.23,19.11
2026-06-02T18:10:00,16,42,0,37,1000,99.0,13.6,59.23,3.28
2026-06-02T18:15:00,16,44,12,42,1223,99.0,15.4,59.23,7.19
2026-06-02T18:20:00,18,38,6,43,1362,98.8,15.2,59.24,8.0
2026-06-02T18:25:00,19,41,13,45,1593,98.7,16.6,59.24,7.65
2026-06-02T18:30:00,20,42,21,43,1152,98.7,18.1,59.24,6.64
2026-06-02T18:35:00,18,38,16,46,1663,98.5,16.7,59.24,9.09
2026-06-02T18:40:00,17,41,18,44,1409,98.4,16.6,59.25,19.41
2026-06-02T18:45:00,14,46,10,41,1000,98.3,14.4,59.25,19.07
2026-06-02T18:50:00,15,39,17,41,1104,98.1,15.8,59.25,15.45
2026-06-02T18:55:00,18,47,20,44,1392,98.1,17.3,59.26,7.81
2026-06-02T19:00:00,19,47,3,44,1499,98.0,15.1,59.26,7.23
2026-06-02T19:05:00,18,39,9,41,1000,98.0,15.7,59.26,17.49
2026-06-02T19:10:00,15,45,6,43,1158,97.9,14.2,59.27,19.41
2026-06-02T19:15:00,12,35,9,39,1000,97.9,13.5,59.27,13.3
2026-06-02T19:20:00,12,37,5,42,1253,97.9,12.9,59.27,13.21
2026-06-02T19:25:00,10,44,3,38,1107,97.8,11.9,59.27,4.96
2026-06-02T19:30:00,13,44,12,40,1000,97.7,14.4,59.28,8.18
2026-06-02T19:35:00,16,45,6,41,1000,97.7,14.5,59.28,4.52
2026-06-02T19:40:00,18,42,13,46,1677,97.5,16.2,59.28,11.35
2026-06-02T19:45:00,20,43,8,46,1508,97.4,16.2,59.29,9.96
2026-06-02T19:50:00,20,42,6,40,1129,97.3,15.9,59.29,24.34
2026-06-02T19:55:00,18,39,1,40,1076,97.2,14.5,59.29,22.5
2026-06-02T20:00:00,19,45,21,45,1406,97.1,17.8,59.3,16.18
2026-06-02T20:05:00,16,39,17,43,1330,97.0,16.1,59.3,18.24
2026-06-02T20:10:00,15,43,17,44,1316,96.9,15.8,59.3,7.1
2026-06-02T20:15:00,17,45,8,41,1164,96.8,15.1,59.3,5.88
2026-06-02T20:20:00,16,43,1,42,1141,96.8,13.8,59.31,8.64
2026-06-02T20:25:00,14,41,16,39,1000,96.6,15.3,59.31,3.52
2026-06-02T20:30:00,17,43,17,44,1473,96.6,16.5,59.31,19.7
2026-06-02T20:35:00,17,38,14,42,1321,96.5,16.1,59.32,4.78
2026-06-02T20:40:00,18,42,12,43,1136,96.4,16.1,59.32,23.54
2026-06-02T20:45:00,18,40,13,44,1261,96.3,16.2,59.32,14.18
2026-06-02T20:50:00,18,42,15,45,1525,96.3,16.6,59.33,18.87
2026-06-02T20:55:00,18,46,19,46,1509,96.1,17.2,59.33,18.1
2026-06-02T21:00:00,20,39,19,42,1235,96.0,17.9,59.33,11.81
2026-06-02T21:05:00,20,40,14,43,1193,95.9,17.1,59.34,17.18
2026-06-02T21:10:00,20,45,21,44,1498,95.8,18.1,59.34,15.74
2026-06-02T21:15:00,20,48,22,43,1143,95.8,18.3,59.34,15.79
2026-06-02T21:20:00,19,45,21,44,1277,95.7,17.8,59.34,4.93
2026-06-02T21:25:00,20,42,22,42,1122,95.6,18.3,59.35,10.09
2026-06-02T21:30:00,23,43,22,45,1369,95.5,19.3,59.35,26.19
2026-06-02T21:35:00,24,43,18,45,1397,95.4,19.1,59.35,15.57
2026-06-02T21:40:00,28,47,11,45,1586,95.3,19.4,59.36,13.67
2026-06-02T21:45:00,29,52,12,45,1300,95.2,19.9,59.36,5.88
2026-06-02T21:50:00,35,48,25,53,2271,95.1,24.0,59.36,39.93
2026-06-02T21:55:00,35,55,26,52,2165,95.0,24.1,59.37,36.29
2026-06-02T22:00:00,38,53,17,53,2165,94.9,23.8,59.37,47.04
2026-06-02T22:05:00,42,54,16,53,2044,94.8,25.1,59.37,32.13
2026-06-02T22:10:00,38,55,27,51,2106,94.7,25.3,59.37,40.85
2026-06-02T22:15:00,39,54,22,50,1934,94.6,24.9,59.38,32.06
2026-06-02T22:20:00,36,46,18,47,1663,94.5,23.3,59.38,12.49
2026-06-02T22:25:00,36,49,20,49,1850,94.4,23.6,59.38,37.27
2026-06-02T22:30:00,34,50,14,52,2199,94.3,22.0,59.39,46.14
2026-06-02T22:35:00,34,47,24,50,1847,94.3,23.5,59.39,28.66
2026-06-02T22:40:00,33,49,22,48,1815,94.3,22.8,59.39,45.95
2026-06-02T22:45:00,32,44,17,48,1589,94.1,21.8,59.4,25.96
2026-06-02T22:50:00,38,57,30,54,2237,94.1,25.8,59.4,16.05
2026-06-02T22:55:00,36,46,11,48,1800,94.0,22.2,59.4,26.57
2026-06-02T23:00:00,36,50,21,48,1621,93.9,23.8,59.4,15.39
2026-06-02T23:05:00,40,57,28,53,2265,93.9,26.2,59.41,53.73
2026-06-02T23:10:00,44,51,26,56,2371,93.9,27.3,59.41,49.79
2026-06-02T23:15:00,38,47,13,48,1650,93.8,23.2,59.41,33.17
2026-06-02T23:20:00,38,57,32,57,2647,93.7,26.1,59.42,16.82
2026-06-02T23:25:00,41,50,16,53,2165,93.6,24.8,59.42,48.11
2026-06-02T23:30:00,43,53,23,57,2552,93.5,26.5,59.42,22.3
2026-06-02T23:35:00,39,51,22,50,1762,93.4,24.9,59.42,25.94
2026-06-02T23:40:00,39,57,16,52,2100,93.3,24.0,59.43,12.79
2026-06-02T23:45:00,35,45,15,46,1431,93.2,22.5,59.43,33.23
2026-06-02T23:50:00,33,53,11,48,1612,93.1,21.2,59.43,42.22
2026-06-02T23:55:00,30,45,16,46,1467,93.0,20.9,59.44,19.1
2026-06-03T00:00:00,33,50,21,53,2239,92.8,22.7,59.44,29.81
2026-06-03T00:05:00,34,49,24,51,2078,92.7,23.5,59.44,7.79
2026-06-03T00:10:00,31,43,12,45,1353,92.6,20.7,59.45,19.81
2026-06-03T00:15:00,33,53,21,49,1891,92.5,22.7,59.45,17.82
2026-06-03T00:20:00,31,45,16,49,1664,92.5,21.2,59.45,43.0
2026-06-03T00:25:00,33,45,21,47,1511,92.4,22.7,59.45,24.75
2026-06-03T00:30:00,39,49,33,56,2584,92.4,26.6,59.46,33.16
2026-06-03T00:35:00,41,49,34,57,2486,92.3,27.5,59.46,48.46
2026-06-03T00:40:00,45,52,23,57,2562,92.3,27.2,59.46,12.54
2026-06-03T00:45:00,42,53,29,55,2320,92.2,27.0,59.47,54.84
2026-06-03T00:50:00,44,52,19,56,2390,92.1,26.2,59.47,17.71
2026-06-03T00:55:00,41,53,17,49,1828,92.0,24.9,59.47,14.77
2026-06-03T01:00:00,38,48,14,50,1998,92.0,23.4,59.48,11.58
2026-06-03T01:05:00,36,55,28,50,2016,91.9,24.8,59.48,22.17
2026-06-03T01:10:00,33,52,9,51,1978,91.8,20.9,59.48,27.71
2026-06-03T01:15:00,39,53,13,53,2031,91.7,23.6,59.48,41.48
2026-06-03T01:20:00,41,50,16,55,2468,91.7,24.8,59.49,9.29
2026-06-03T01:25:00,37,54,14,53,2066,91.5,23.1,59.49,29.64
2026-06-03T01:30:00,35,53,14,48,1613,91.4,22.4,59.49,21.07
2026-06-03T01:35:00,39,52,13,48,1849,91.3,23.6,59.5,35.79
2026-06-03T01:40:00,51,52,34,55,2201,91.2,30.9,59.5,64.72
2026-06-03T01:45:00,63,66,44,65,3368,91.1,36.6,59.5,17.8
2026-06-03T01:50:00,63,60,29,65,3301,91.1,34.4,59.51,67.13
2026-06-03T01:55:00,65,66,42,64,3244,91.0,37.0,59.51,73.77
2026-06-03T02:00:00,69,61,36,68,3634,90.9,37.5,59.51,76.71
2026-06-03T02:05:00,71,61,48,68,3656,90.9,40.0,59.52,60.35
2026-06-03T02:10:00,72,71,45,69,3580,90.9,40.0,59.52,82.16
2026-06-03T02:15:00,70,68,43,68,3670,90.8,39.0,59.52,22.82
2026-06-03T02:20:00,68,62,38,65,3231,90.7,37.5,59.52,67.29
2026-06-03T02:25:00,73,68,51,70,3596,90.6,41.2,59.53,81.08
2026-06-03T02:30:00,70,65,35,63,3214,90.5,37.8,59.53,89.43
2026-06-03T02:35:00,69,61,51,69,3539,90.3,39.8,59.53,70.86
2026-06-03T02:40:00,76,66,42,67,3339,90.3,40.9,59.54,84.23
2026-06-03T02:45:00,77,65,38,68,3444,90.1,40.7,59.54,91.46
2026-06-03T02:50:00,74,63,35,66,3485,90.0,39.1,59.54,76.65
2026-06-03T02:55:00,74,70,47,69,3750,90.0,40.9,59.55,46.71
2026-06-03T03:00:00,75,73,42,66,3336,89.9,40.5,59.55,100.71
2026-06-03T03:05:00,74,71,53,68,3586,89.7,41.8,59.55,76.83
2026-06-03T03:10:00,71,66,50,65,3231,89.6,40.3,59.55,40.79
2026-06-03T03:15:00,70,68,32,67,3457,89.5,37.3,59.56,60.85
2026-06-03T03:20:00,67,68,30,64,3157,89.4,36.0,59.56,42.48
2026-06-03T03:25:00,64,64,32,62,3019,89.4,35.2,59.56,83.75
2026-06-03T03:30:00,69,62,45,70,3788,89.3,38.9,59.57,54.92
2026-06-03T03:35:00,72,68,45,70,3609,89.3,40.0,59.57,79.34
2026-06-03T03:40:00,69,63,47,70,3660,89.2,39.2,59.57,69.2
2026-06-03T03:45:00,73,62,47,67,3484,89.1,40.6,59.58,74.14
2026-06-03T03:50:00,75,63,46,72,3883,89.1,41.1,59.58,54.01
2026-06-03T03:55:00,78,68,52,73,3942,89.0,43.1,59.58,63.25
2026-06-03T04:00:00,80,66,43,73,4087,88.9,42.5,59.58,55.17
2026-06-03T04:05:00,75,63,55,69,3679,88.9,42.5,59.59,23.48
2026-06-03T04:10:00,72,71,48,71,3938,88.8,40.4,59.59,59.17
2026-06-03T04:15:00,69,67,43,69,3624,88.7,38.6,59.59,85.25
2026-06-03T04:20:00,70,69,43,69,3682,88.7,39.0,59.6,42.45
2026-06-03T04:25:00,67,60,37,63,2920,88.6,37.0,59.6,89.08
2026-06-03T04:30:00,69,61,36,66,3288,88.5,37.5,59.6,37.5
2026-06-03T04:35:00,75,71,48,68,3434,88.4,41.5,59.6,102.63
2026-06-03T04:40:00,73,70,53,70,3709,88.3,41.5,59.61,48.2
2026-06-03T04:45:00,73,63,34,69,3727,88.2,38.6,59.61,62.15
2026-06-03T04:50:00,75,72,36,64,3269,88.1,39.6,59.61,95.66
2026-06-03T04:55:00,79,69,37,71,3765,88.0,41.2,59.62,57.38
2026-06-03T05:00:00,82,76,44,69,3598,87.8,43.3,59.62,62.58
2026-06-03T05:05:00,82,74,47,74,4125,87.7,43.8,59.62,97.01
2026-06-03T05:10:00,77,74,46,67,3417,87.6,41.9,59.63,94.96
2026-06-03T05:15:00,75,70,48,66,3315,87.6,41.5,59.63,72.43
2026-06-03T05:20:00,78,65,45,67,3346,87.4,42.0,59.63,25.06
2026-06-03T05:25:00,82,71,42,73,4116,87.4,43.0,59.63,57.89
2026-06-03T05:30:00,85,76,45,69,3582,87.3,44.5,59.64,49.96
2026-06-03T05:35:00,79,72,45,72,3861,87.1,42.4,59.64,18.94
2026-06-03T05:40:00,74,71,34,68,3563,87.0,39.0,59.64,31.79
2026-06-03T05:45:00,71,66,39,64,3303,87.0,38.7,59.65,90.84
2026-06-03T05:50:00,61,61,41,64,3287,87.0,35.5,59.65,65.37
2026-06-03T05:55:00,57,59,41,63,3115,86.9,34.1,59.65,11.45
2026-06-03T06:00:00,56,56,31,61,2836,86.9,32.2,59.66,51.46
2026-06-03T06:05:00,56,64,29,58,2696,86.8,31.9,59.66,23.31
2026-06-03T06:10:00,59,61,35,59,2565,86.7,33.9,59.66,16.05
2026-06-03T06:15:00,62,62,31,64,3272,86.6,34.4,59.66,37.97
2026-06-03T06:20:00,55,55,31,57,2607,86.5,31.9,59.67,11.59
2026-06-03T06:25:00,46,51,18,53,2100,86.4,26.8,59.67,22.1
2026-06-03T06:30:00,41,58,32,52,2116,86.3,27.2,59.67,12.64
2026-06-03T06:35:00,46,58,30,54,2180,86.2,28.6,59.68,52.64
2026-06-03T06:40:00,41,48,27,54,2129,86.1,26.4,59.68,19.35
2026-06-03T06:45:00,38,57,30,54,2260,86.0,25.8,59.68,25.39
2026-06-03T06:50:00,36,46,29,53,2150,85.9,25.0,59.69,29.98
2026-06-03T06:55:00,38,56,30,56,2355,85.8,25.8,59.69,45.96
2026-06-03T07:00:00,43,58,17,54,2385,85.7,25.6,59.69,33.33
2026-06-03T07:05:00,48,56,35,61,2967,85.7,30.0,59.7,56.52
2026-06-03T07:10:00,50,62,28,56,2510,85.6,29.7,59.7,19.98
2026-06-03T07:15:00,44,49,18,56,2333,85.5,26.1,59.7,44.48
2026-06-03T07:20:00,38,48,14,48,1799,85.4,23.4,59.7,29.92
2026-06-03T07:25:00,35,55,15,50,2005,85.3,22.5,59.71,32.05
2026-06-03T07:30:00,41,57,23,56,2429,85.2,25.8,59.71,42.46
2026-06-03T07:35:00,48,59,35,60,2810,85.2,30.0,59.71,51.36
2026-06-03T07:40:00,46,51,34,55,2314,85.1,29.2,59.72,31.49
2026-06-03T07:45:00,51,55,29,60,2817,85.1,30.2,59.72,50.15
2026-06-03T07:50:00,44,53,21,54,2217,85.1,26.5,59.72,53.12
2026-06-03T07:55:00,50,55,26,59,2654,85.0,29.4,59.73,35.33
2026-06-03T08:00:00,45,57,33,55,2321,84.9,28.7,59.73,10.56
2026-06-03T08:05:00,43,54,25,52,1934,84.8,26.8,59.73,21.37
2026-06-03T08:10:00,44,58,20,51,1921,84.8,26.4,59.73,16.41
2026-06-03T08:15:00,38,53,25,49,1937,84.7,25.0,59.74,18.7
2026-06-03T08:20:00,35,47,29,51,1872,84.6,24.6,59.74,37.31
2026-06-03T08:25:00,32,48,23,47,1709,84.5,22.6,59.74,33.14
2026-06-03T08:30:00,40,57,20,53,2290,84.3,25.0,59.75,8.3
2026-06-03T08:35:00,41,48,28,55,2498,84.3,26.6,59.75,48.03
2026-06-03T08:40:00,45,56,25,57,2645,84.2,27.5,59.75,19.24
2026-06-03T08:45:00,50,58,28,57,2466,84.1,29.7,59.76,12.77
2026-06-03T08:50:00,49,57,28,60,2793,84.1,29.3,59.76,51.96
2026-06-03T08:55:00,51,53,22,55,2461,84.0,29.1,59.76,55.32
2026-06-03T09:00:00,44,59,32,59,2845,84.0,28.2,59.76,24.65
2026-06-03T09:05:00,40,54,14,54,2401,83.9,24.1,59.77,49.61
2026-06-03T09:10:00,38,53,17,51,1892,83.8,23.8,59.77,46.72
2026-06-03T09:15:00,42,49,25,52,2101,83.8,26.4,59.77,53.87
2026-06-03T09:20:00,50,53,38,62,2836,83.7,31.2,59.78,49.34
2026-06-03T09:25:00,52,60,21,53,2213,83.6,29.3,59.78,54.35
2026-06-03T09:30:00,42,54,28,53,2194,83.5,26.9,59.78,24.39
2026-06-03T09:35:00,43,53,31,54,2287,83.4,27.7,59.78,48.14
2026-06-03T09:40:00,39,57,17,52,2090,83.3,24.2,59.79,25.81
2026-06-03T09:45:00,33,52,26,51,2070,83.1,23.4,59.79,13.32
2026-06-03T09:50:00,42,58,21,50,1786,83.1,25.8,59.79,31.18
2026-06-03T09:55:00,48,55,28,58,2675,82.9,29.0,59.8,30.81
2026-06-03T10:00:00,37,55,25,51,1928,100.0,24.7,59.8,26.3
2026-06-03T10:05:00,28,46,23,45,1530,99.9,21.2,59.8,11.19
2026-06-03T10:10:00,23,40,5,45,1552,99.8,16.8,59.81,11.41
2026-06-03T10:15:00,18,39,2,44,1346,99.7,14.6,59.81,7.43
2026-06-03T10:20:00,18,48,2,39,1000,99.6,14.6,59.81,5.15
2026-06-03T10:25:00,19,41,1,43,1233,99.6,14.8,59.81,10.26
2026-06-03T10:30:00,19,47,18,43,1164,99.5,17.3,59.82,17.72
2026-06-03T10:35:00,19,44,20,45,1447,99.4,17.6,59.82,5.74
2026-06-03T10:40:00,19,38,18,47,1633,99.3,17.3,59.82,11.38
2026-06-03T10:45:00,18,46,2,40,1021,99.2,14.6,59.83,18.43
2026-06-03T10:50:00,18,41,18,42,1115,99.1,17.0,59.83,7.05
2026-06-03T10:55:00,15,36,3,37,1000,99.0,13.7,59.83,14.53
2026-06-03T11:00:00,12,41,9,39,1000,98.9,13.5,59.84,8.54
2026-06-03T11:05:00,13,44,0,39,1060,98.8,12.6,59.84,15.58
2026-06-03T11:10:00,13,40,1,41,1000,98.7,12.7,59.84,6.44
2026-06-03T11:15:00,13,38,15,41,1000,98.7,14.8,59.84,6.84
2026-06-03T11:20:00,11,39,0,38,1000,98.6,11.8,59.85,2.95
2026-06-03T11:25:00,10,35,12,42,1090,98.5,13.3,59.85,9.92
2026-06-03T11:30:00,10,35,13,37,1010,98.4,13.4,59.85,8.87
2026-06-03T11:35:00,11,39,2,39,1000,98.3,12.2,59.86,9.78
2026-06-03T11:40:00,11,38,12,43,1125,98.2,13.6,59.86,8.84
2026-06-03T11:45:00,14,41,5,41,1185,98.1,13.6,59.86,17.35
2026-06-03T11:50:00,15,44,6,38,1000,98.0,14.2,59.87,8.86
2026-06-03T11:55:00,14,41,4,39,1000,98.0,13.5,59.87,12.02
2026-06-03T12:00:00,12,44,5,41,1000,97.9,12.9,59.87,9.91
2026-06-03T12:05:00,13,38,3,43,1368,97.8,13.0,59.88,14.92
2026-06-03T12:10:00,14,40,1,42,1132,97.7,13.0,59.88,18.18
2026-06-03T12:15:00,12,42,8,37,1000,97.6,13.4,59.88,9.95
2026-06-03T12:20:00,11,35,1,38,1114,97.6,12.0,59.88,5.69
2026-06-03T12:25:00,14,45,2,42,1125,97.5,13.2,59.89,16.67
2026-06-03T12:30:00,13,44,6,42,1328,97.5,13.5,59.89,17.31
2026-06-03T12:35:00,15,44,2,37,1054,97.3,13.6,59.89,11.64
2026-06-03T12:40:00,15,43,19,44,1234,97.2,16.1,59.9,17.57
2026-06-03T12:45:00,16,38,0,43,1356,97.1,13.6,59.9,19.68
2026-06-03T12:50:00,17,46,11,39,1113,97.0,15.6,59.9,13.06
2026-06-03T12:55:00,15,43,1,42,1151,97.0,13.4,59.91,19.66
2026-06-03T13:00:00,15,42,3,38,1128,96.9,13.7,59.91,4.42
2026-06-03T13:05:00,18,48,20,41,1112,96.9,17.3,59.91,11.42
2026-06-03T13:10:00,16,41,11,41,1128,96.8,15.2,59.91,15.43
2026-06-03T13:15:00,18,44,0,40,1127,96.7,14.3,59.92,20.55
2026-06-03T13:20:00,15,42,4,38,1053,96.6,13.8,59.92,10.57
2026-06-03T13:25:00,15,46,13,44,1359,96.4,15.2,59.92,12.39
2026-06-03T13:30:00,16,38,1,38,1026,96.4,13.8,59.93,13.34
2026-06-03T13:35:00,18,40,2,41,1029,96.3,14.6,59.93,24.43
2026-06-03T13:40:00,16,45,12,40,1000,96.2,15.4,59.93,5.47
2026-06-03T13:45:00,15,39,15,43,1397,96.1,15.5,59.94,4.26
2026-06-03T13:50:00,14,41,11,43,1303,96.1,14.5,59.94,17.92
2026-06-03T13:55:00,17,47,4,44,1271,96.0,14.5,59.94,16.06
2026-06-03T14:00:00,15,40,4,40,1000,95.9,13.8,59.94,18.55
2026-06-03T14:05:00,13,44,0,36,1000,95.8,12.6,59.95,3.61
2026-06-03T14:10:00,24,49,6,41,1052,95.8,17.3,59.95,10.54
2026-06-03T14:15:00,24,45,19,49,1867,95.7,19.2,59.95,15.94
2026-06-03T14:20:00,25,48,21,47,1538,95.6,19.9,59.96,13.78
2026-06-03T14:25:00,28,49,21,45,1514,95.5,20.9,59.96,21.71
2026-06-03T14:30:00,30,52,15,51,2063,95.5,20.8,59.96,41.56
2026-06-03T14:35:00,36,50,14,51,2068,95.4,22.7,59.97,33.26
2026-06-03T14:40:00,40,49,33,53,2175,95.3,26.9,59.97,12.85
2026-06-03T14:45:00,41,58,30,52,2085,95.2,26.9,59.97,49.88
2026-06-03T14:50:00,39,55,14,51,1871,95.1,23.8,59.97,16.8
2026-06-03T14:55:00,42,51,20,53,2232,95.0,25.7,59.98,30.95
2026-06-03T15:00:00,44,49,27,54,2206,94.9,27.4,59.98,34.64
2026-06-03T15:05:00,43,54,34,53,2275,94.8,28.1,59.98,15.59
2026-06-03T15:10:00,43,49,26,51,1930,94.7,26.9,59.99,57.22
2026-06-03T15:15:00,45,57,37,56,2428,94.6,29.3,59.99,29.61
2026-06-03T15:20:00,39,48,19,51,1914,94.5,24.5,59.99,39.47
2026-06-03T15:25:00,37,47,27,55,2383,94.5,25.0,59.99,16.52
2026-06-03T15:30:00,36,56,28,50,1793,94.4,24.8,60.0,11.4
2026-06-03T15:35:00,41,56,18,53,2140,94.2,25.1,60.0,42.18
2026-06-03T15:40:00,41,57,29,52,2100,94.1,26.7,60.0,31.1
2026-06-03T15:45:00,43,55,20,54,2120,94.1,26.0,60.01,40.67
2026-06-03T15:50:00,41,50,14,50,1858,94.1,24.5,60.01,37.2
2026-06-03T15:55:00,39,52,27,52,1944,94.0,25.7,60.01,25.38
2026-06-03T16:00:00,42,54,20,53,2264,93.9,25.7,60.02,24.78
2026-06-03T16:05:00,42,48,26,57,2486,93.8,26.6,60.02,38.73
2026-06-03T16:10:00,45,56,36,54,2186,93.7,29.1,60.02,59.89
2026-06-03T16:15:00,42,52,28,53,2105,93.6,26.9,60.02,43.79
2026-06-03T16:20:00,45,52,25,54,2115,93.5,27.5,60.03,17.18
2026-06-03T16:25:00,48,56,34,54,2305,93.3,29.9,60.03,35.78
2026-06-03T16:30:00,42,49,34,53,2085,93.3,27.8,60.03,37.65
2026-06-03T16:35:00,42,49,18,53,2271,93.2,25.4,60.04,38.16
2026-06-03T16:40:00,40,48,32,55,2349,93.1,26.8,60.04,23.47
2026-06-03T16:45:00,43,57,21,55,2310,92.9,26.2,60.04,17.97
2026-06-03T16:50:00,40,50,22,55,2445,92.8,25.3,60.05,18.93
2026-06-03T16:55:00,36,54,14,50,1832,92.7,22.7,60.05,25.52
2026-06-03T17:00:00,37,53,14,47,1630,92.6,23.1,60.05,21.43
2026-06-03T17:05:00,38,48,13,51,2062,92.6,23.2,60.05,44.54
2026-06-03T17:10:00,35,49,26,49,1739,92.4,24.1,60.06,10.52
2026-06-03T17:15:00,32,46,12,50,2013,92.4,21.0,60.06,8.38
2026-06-03T17:20:00,30,48,10,50,1962,92.2,20.0,60.06,21.28
2026-06-03T17:25:00,29,44,8,46,1564,92.2,19.3,60.07,10.95
2026-06-03T17:30:00,28,50,19,51,2065,92.1,20.6,60.07,15.63
2026-06-03T17:35:00,28,42,26,47,1594,92.0,21.7,60.07,28.56
2026-06-03T17:40:00,32,54,29,50,1841,91.9,23.5,60.08,21.37
2026-06-03T17:45:00,32,53,23,51,2111,91.7,22.6,60.08,19.34
2026-06-03T17:50:00,34,45,16,46,1531,91.7,22.3,60.08,30.54
2026-06-03T17:55:00,38,55,32,56,2457,91.7,26.1,60.09,42.56
2026-06-03T18:00:00,39,57,22,53,2314,91.6,24.9,60.09,11.17
2026-06-03T18:05:00,37,51,24,53,2178,91.5,24.5,60.09,11.15
2026-06-03T18:10:00,39,51,32,57,2403,91.4,26.4,60.09,10.34
2026-06-03T18:15:00,36,47,23,51,2087,91.4,24.1,60.1,19.36
2026-06-03T18:20:00,44,50,18,51,1897,91.3,26.1,60.1,58.81
2026-06-03T18:25:00,53,57,22,54,2130,91.3,29.8,60.1,44.91
2026-06-03T18:30:00,59,58,33,60,2675,91.2,33.6,60.11,28.58
2026-06-03T18:35:00,64,65,35,60,2930,91.2,35.6,60.11,61.46
2026-06-03T18:40:00,64,67,34,64,3079,91.1,35.5,60.11,21.4
2026-06-03T18:45:00,67,65,49,65,3120,91.0,38.8,60.12,37.14
2026-06-03T18:50:00,71,68,43,65,3359,91.0,39.3,60.12,49.4
2026-06-03T18:55:00,70,62,45,67,3339,90.9,39.2,60.12,96.12
2026-06-03T19:00:00,71,68,37,69,3628,90.9,38.4,60.12,92.08
2026-06-03T19:05:00,75,72,53,67,3458,90.8,42.2,60.13,78.22
2026-06-03T19:10:00,75,70,42,66,3306,90.7,40.5,60.13,41.92
2026-06-03T19:15:00,70,67,39,68,3422,90.6,38.4,60.13,84.07
2026-06-03T19:20:00,67,63,36,67,3330,90.6,36.9,60.14,50.25
2026-06-03T19:25:00,68,62,38,64,3109,90.5,37.5,60.14,32.93
2026-06-03T19:30:00,68,61,44,65,3115,90.5,38.4,60.14,93.03
2026-06-03T19:35:00,74,69,34,68,3402,90.4,39.0,60.15,69.64
2026-06-03T19:40:00,78,65,49,72,3765,90.3,42.6,60.15,44.98
2026-06-03T19:45:00,80,66,42,67,3288,90.3,42.3,60.15,96.79
2026-06-03T19:50:00,75,73,39,69,3507,90.2,40.1,60.15,86.98
2026-06-03T19:55:00,74,72,44,69,3748,90.0,40.5,60.16,36.99
2026-06-03T20:00:00,79,65,37,72,3816,89.9,41.2,60.16,25.98
2026-06-03T20:05:00,76,70,43,71,3855,89.9,41.0,60.16,37.39
2026-06-03T20:10:00,72,65,35,64,3061,89.9,38.5,60.17,39.32
2026-06-03T20:15:00,72,68,52,68,3521,89.8,41.0,60.17,34.71
2026-06-03T20:20:00,76,68,42,70,3692,89.7,40.9,60.17,33.7
2026-06-03T20:25:00,77,73,46,68,3508,89.6,41.9,60.17,56.33
2026-06-03T20:30:00,80,66,45,72,4021,89.5,42.8,60.18,33.63
2026-06-03T20:35:00,84,67,58,76,4257,89.4,46.1,60.18,19.46
2026-06-03T20:40:00,87,72,49,71,3761,89.3,45.8,60.18,63.19
2026-06-03T20:45:00,79,75,49,74,4042,89.2,43.0,60.19,29.7
2026-06-03T20:50:00,80,69,40,68,3442,89.2,42.0,60.19,107.35
2026-06-03T20:55:00,84,70,42,73,4107,89.1,43.7,60.19,38.71
2026-06-03T21:00:00,81,70,57,71,3781,89.1,44.9,60.2,46.4
2026-06-03T21:05:00,84,77,47,75,4057,89.0,44.4,60.2,35.97
2026-06-03T21:10:00,82,72,42,72,3890,89.0,43.0,60.2,62.04
2026-06-03T21:15:00,76,65,41,71,3909,88.9,40.7,60.2,70.9
2026-06-03T21:20:00,76,69,45,70,3746,88.8,41.3,60.21,86.75
2026-06-03T21:25:00,73,68,35,68,3630,88.8,38.8,60.21,89.65
2026-06-03T21:30:00,76,73,44,66,3361,88.7,41.2,60.21,93.2
2026-06-03T21:35:00,74,68,43,67,3354,88.7,40.4,60.22,90.08
2026-06-03T21:40:00,73,66,35,69,3463,88.5,38.8,60.22,59.79
2026-06-03T21:45:00,79,71,37,68,3545,88.4,41.2,60.22,92.17
2026-06-03T21:50:00,75,64,38,71,3726,88.3,40.0,60.23,93.84
2026-06-03T21:55:00,81,70,40,69,3470,88.3,42.3,60.23,43.62
2026-06-03T22:00:00,81,66,44,68,3408,88.2,42.9,60.23,51.93
2026-06-03T22:05:00,81,71,52,72,3812,88.1,44.1,60.23,42.51
2026-06-03T22:10:00,82,70,53,72,3914,88.0,44.7,60.24,72.65
2026-06-03T22:15:00,76,65,40,70,3654,87.9,40.6,60.24,22.31
2026-06-03T22:20:00,75,69,48,68,3374,87.8,41.5,60.24,49.63
2026-06-03T22:25:00,74,66,43,65,3223,87.7,40.4,60.25,40.46
2026-06-03T22:30:00,61,63,38,65,3380,87.6,35.0,60.25,69.08
2026-06-03T22:35:00,56,61,43,62,2908,87.5,34.0,60.25,29.89
2026-06-03T22:40:00,50,60,20,59,2591,87.4,28.5,60.26,51.11
2026-06-03T22:45:00,53,54,26,56,2403,87.3,30.4,60.26,40.33
2026-06-03T22:50:00,50,52,39,62,2923,87.3,31.4,60.26,15.63
2026-06-03T22:55:00,45,54,26,53,2308,87.2,27.6,60.27,37.45
2026-06-03T23:00:00,46,53,31,55,2329,87.1,28.7,60.27,57.72
2026-06-03T23:05:00,45,54,33,57,2649,87.0,28.7,60.27,56.24
2026-06-03T23:10:00,46,55,24,58,2493,86.9,27.7,60.27,36.47
2026-06-03T23:15:00,46,53,28,57,2647,86.8,28.3,60.28,45.3
2026-06-03T23:20:00,49,61,21,52,2114,86.7,28.3,60.28,36.52
2026-06-03T23:25:00,40,55,25,56,2405,86.6,25.8,60.28,47.62
2026-06-03T23:30:00,46,55,19,56,2295,86.5,26.9,60.29,34.72
2026-06-03T23:35:00,48,60,36,57,2483,86.4,30.2,60.29,38.9
2026-06-03T23:40:00,53,59,31,57,2518,86.3,31.2,60.29,29.2
2026-06-03T23:45:00,49,61,32,60,2894,86.3,29.9,60.3,63.1
2026-06-03T23:50:00,42,48,29,51,2064,86.2,27.0,60.3,34.01
2026-06-03T23:55:00,41,48,23,50,2006,86.1,25.8,60.3,10.49
2026-06-04T00:00:00,46,58,27,52,2197,86.0,28.1,60.3,20.47
2026-06-04T00:05:00,39,55,33,55,2374,86.0,26.6,60.31,54.3
2026-06-04T00:10:00,48,52,27,57,2535,85.8,28.8,60.31,33.94
2026-06-04T00:15:00,50,58,36,60,2864,85.7,30.9,60.31,54.47
2026-06-04T00:20:00,42,54,24,54,2125,85.7,26.3,60.32,50.7
2026-06-04T00:25:00,40,57,25,53,2087,85.6,25.8,60.32,38.82
2026-06-04T00:30:00,43,56,29,57,2382,85.5,27.4,60.32,57.98
2026-06-04T00:35:00,41,48,26,53,2279,85.4,26.2,60.33,16.59
2026-06-04T00:40:00,46,56,22,53,2141,85.3,27.4,60.33,54.71
2026-06-04T00:45:00,43,58,27,56,2300,85.2,27.1,60.33,13.08
2026-06-04T00:50:00,45,58,24,55,2456,85.1,27.4,60.33,49.42
2026-06-04T00:55:00,42,57,25,56,2495,85.0,26.4,60.34,36.71
2026-06-04T01:00:00,37,55,17,51,2074,84.9,23.5,60.34,27.87
2026-06-04T01:05:00,31,44,17,50,1862,84.8,21.4,60.34,15.44
2026-06-04T01:10:00,31,46,27,52,2029,84.6,22.9,60.35,21.33
2026-06-04T01:15:00,39,54,21,54,2261,84.6,24.8,60.35,20.59
2026-06-04T01:20:00,45,60,18,56,2563,84.5,26.4,60.35,24.41
2026-06-04T01:25:00,50,57,24,58,2592,84.4,29.1,60.35,63.2
2026-06-04T01:30:00,47,60,38,60,2650,84.4,30.1,60.36,27.8
2026-06-04T01:35:00,49,57,34,57,2506,84.2,30.2,60.36,36.34
2026-06-04T01:40:00,48,61,18,58,2483,84.2,27.5,60.36,28.4
2026-06-04T01:45:00,50,56,30,59,2577,84.2,30.0,60.37,28.41
2026-06-04T01:50:00,43,58,30,56,2380,84.1,27.5,60.37,16.85
2026-06-04T01:55:00,42,57,16,50,1846,84.0,25.1,60.37,56.49
2026-06-04T02:00:00,38,47,21,55,2451,83.9,24.4,60.38,44.24
2026-06-04T02:05:00,39,53,25,56,2369,83.7,25.4,60.38,25.57
2026-06-04T02:10:00,48,55,30,60,2850,83.7,29.3,60.38,11.29
2026-06-04T02:15:00,47,60,38,58,2476,83.6,30.1,60.38,32.56
2026-06-04T02:20:00,49,61,31,55,2383,83.5,29.8,60.39,50.47
2026-06-04T02:25:00,47,57,26,53,2192,83.3,28.3,60.39,29.86
2026-06-04T02:30:00,47,59,33,54,2386,83.3,29.4,60.39,56.84
2026-06-04T02:35:00,47,54,25,57,2384,83.2,28.2,60.4,58.39
2026-06-04T02:40:00,38,57,22,52,2121,100.0,24.6,60.4,34.43
2026-06-04T02:45:00,30,50,20,49,1691,99.9,21.5,60.4,22.21
2026-06-04T02:50:00,25,45,6,42,1321,99.9,17.6,60.41,19.41
2026-06-04T02:55:00,19,39,18,47,1653,99.8,17.3,60.41,16.91
2026-06-04T03:00:00,20,45,8,41,1230,99.7,16.2,60.41,12.62
2026-06-04T03:05:00,17,41,7,42,1241,99.6,15.0,60.41,23.68
2026-06-04T03:10:00,17,43,3,41,1149,99.5,14.4,60.42,6.51
2026-06-04T03:15:00,18,48,18,45,1378,99.4,17.0,60.42,9.51
2026-06-04T03:20:00,20,45,9,46,1536,99.4,16.4,60.42,4.3
2026-06-04T03:25:00,18,42,13,45,1481,99.3,16.2,60.43,16.0
2026-06-04T03:30:00,20,47,21,46,1612,99.2,18.1,60.43,6.35
2026-06-04T03:35:00,20,45,5,44,1292,99.2,15.8,60.43,26.86
2026-06-04T03:40:00,18,40,15,42,1058,99.1,16.6,60.44,13.04
2026-06-04T03:45:00,18,46,6,41,1186,99.0,15.2,60.44,11.57
2026-06-04T03:50:00,17,47,12,42,1317,98.9,15.8,60.44,19.59
2026-06-04T03:55:00,19,42,7,40,1149,98.8,15.7,60.45,18.1
2026-06-04T04:00:00,18,41,20,44,1510,98.7,17.3,60.45,5.49
2026-06-04T04:05:00,20,40,4,44,1223,98.6,15.6,60.45,14.71
2026-06-04T04:10:00,19,39,10,45,1570,98.6,16.1,60.45,12.78
2026-06-04T04:15:00,16,42,13,40,1000,98.5,15.5,60.46,15.97
2026-06-04T04:20:00,17,43,10,43,1258,98.5,15.4,60.46,16.86
2026-06-04T04:25:00,17,42,14,41,1218,98.5,16.1,60.46,22.42
2026-06-04T04:30:00,16,38,4,41,1000,98.3,14.2,60.47,8.61
2026-06-04T04:35:00,14,36,15,39,1000,98.3,15.1,60.47,10.99
2026-06-04T04:40:00,12,42,12,43,1239,98.2,14.0,60.47,5.7
2026-06-04T04:45:00,15,42,0,38,1116,98.1,13.2,60.48,18.77
2026-06-04T04:50:00,13,39,4,41,1061,98.1,13.2,60.48,15.5
2026-06-04T04:55:00,13,45,2,41,1151,98.0,12.9,60.48,17.88
2026-06-04T05:00:00,16,46,7,38,1129,97.9,14.7,60.48,21.19
2026-06-04T05:05:00,14,39,16,39,1114,97.7,15.3,60.49,3.41
2026-06-04T05:10:00,16,46,19,44,1230,97.7,16.4,60.49,16.8
2026-06-04T05:15:00,17,44,1,39,1041,97.5,14.1,60.49,21.85
2026-06-04T05:20:00,17,38,3,39,1000,97.5,14.4,60.5,8.79
2026-06-04T05:25:00,19,43,5,45,1414,97.4,15.4,60.5,11.25
2026-06-04T05:30:00,17,44,11,44,1430,97.4,15.6,60.5,16.9
2026-06-04T05:35:00,18,41,17,43,1399,97.3,16.9,60.51,15.48
2026-06-04T05:40:00,17,37,18,41,1181,97.2,16.6,60.51,11.82
2026-06-04T05:45:00,15,37,17,45,1521,97.2,15.8,60.51,13.76
2026-06-04T05:50:00,16,39,19,47,1752,97.1,16.4,60.51,19.66
2026-06-04T05:55:00,15,38,2,39,1091,97.1,13.6,60.52,4.8
2026-06-04T06:00:00,14,36,0,38,1085,97.0,12.9,60.52,4.72
2026-06-04T06:05:00,15,37,18,42,1161,97.0,15.9,60.52,9.61
2026-06-04T06:10:00,16,44,4,40,1000,96.9,14.2,60.53,16.05
2026-06-04T06:15:00,17,41,9,45,1422,96.9,15.3,60.53,8.2
2026-06-04T06:20:00,19,44,5,39,1041,96.9,15.4,60.53,7.33
2026-06-04T06:25:00,15,46,2,37,1000,96.8,13.6,60.53,12.66
2026-06-04T06:30:00,15,38,18,44,1509,96.7,15.9,60.54,19.52
2026-06-04T06:35:00,14,38,14,43,1417,96.6,15.0,60.54,6.26
2026-06-04T06:40:00,15,38,6,38,1053,96.5,14.2,60.54,16.02
2026-06-04T06:45:00,14,46,8,42,1315,96.4,14.1,60.55,12.11
2026-06-04T06:50:00,24,47,18,49,1694,96.3,19.1,60.55,18.0
2026-06-04T06:55:00,26,47,5,46,1514,96.1,17.9,60.55,34.91
2026-06-04T07:00:00,26,41,24,50,1853,96.0,20.7,60.56,27.2
2026-06-04T07:05:00,28,52,18,48,1633,96.0,20.5,60.56,37.18
2026-06-04T07:10:00,35,51,19,49,1871,96.0,23.1,60.56,32.49
2026-06-04T07:15:00,32,51,27,51,1937,95.8,23.2,60.56,15.49
2026-06-04T07:20:00,30,47,21,48,1585,95.8,21.6,60.57,35.32
2026-06-04T07:25:00,36,46,11,52,2210,95.7,22.2,60.57,10.04
2026-06-04T07:30:00,37,50,26,53,2215,95.7,24.8,60.57,35.19
2026-06-04T07:35:00,42,53,28,53,2254,95.6,26.9,60.58,19.71
2026-06-04T07:40:00,37,53,12,52,2180,95.6,22.8,60.58,11.93
2026-06-04T07:45:00,36,48,22,51,1934,95.5,23.9,60.58,50.09
2026-06-04T07:50:00,38,49,20,54,2327,95.5,24.3,60.59,33.96
2026-06-04T07:55:00,41,55,29,56,2516,95.4,26.7,60.59,27.98
2026-06-04T08:00:00,43,54,25,52,2160,95.4,26.8,60.59,8.67
2026-06-04T08:05:00,45,54,34,53,2070,95.3,28.9,60.59,48.32
2026-06-04T08:10:00,45,56,34,55,2293,95.2,28.9,60.6,28.97
2026-06-04T08:15:00,40,55,31,56,2324,95.1,26.6,60.6,41.54
2026-06-04T08:20:00,43,56,19,52,2019,95.0,25.9,60.6,30.5
2026-06-04T08:25:00,38,48,21,53,2315,94.8,24.4,60.61,24.75
2026-06-04T08:30:00,37,55,13,51,1990,94.7,22.9,60.61,39.3
2026-06-04T08:35:00,39,49,14,51,2072,94.7,23.8,60.61,52.94
2026-06-04T08:40:00,38,52,13,49,1880,94.6,23.2,60.62,8.16
2026-06-04T08:45:00,37,54,31,50,1997,94.6,25.6,60.62,18.54
2026-06-04T08:50:00,33,51,28,52,2180,94.5,23.7,60.62,25.13
2026-06-04T08:55:00,38,48,31,55,2262,94.4,25.9,60.62,22.5
2026-06-04T09:00:00,35,45,30,54,2129,94.2,24.8,60.63,41.92
2026-06-04T09:05:00,38,57,16,52,1982,94.1,23.7,60.63,45.49
2026-06-04T09:10:00,34,53,28,49,1949,94.0,24.1,60.63,29.18
2026-06-04T09:15:00,40,50,20,50,1834,93.9,25.0,60.64,24.22
2026-06-04T09:20:00,38,53,26,52,2109,93.8,25.2,60.64,14.28
2026-06-04T09:25:00,34,46,18,48,1814,93.7,22.6,60.64,36.11
2026-06-04T09:30:00,38,52,24,54,2216,93.7,24.9,60.65,43.03
2026-06-04T09:35:00,39,50,22,52,2035,93.5,24.9,60.65,47.61
2026-06-04T09:40:00,36,48,21,49,1730,93.5,23.8,60.65,9.98
2026-06-04T09:45:00,35,53,28,54,2272,93.4,24.4,60.66,43.94
2026-06-04T09:50:00,33,51,26,52,2152,93.4,23.4,60.66,19.04
2026-06-04T09:55:00,39,50,20,50,2049,93.3,24.6,60.66,13.26
2026-06-04T10:00:00,38,55,14,49,1737,93.3,23.4,60.66,38.07
2026-06-04T10:05:00,35,50,24,48,1849,93.2,23.9,60.67,7.43
2026-06-04T10:10:00,33,49,12,48,1604,93.1,21.3,60.67,25.38
2026-06-04T10:15:00,36,54,20,52,2172,93.0,23.6,60.67,41.04
2026-06-04T10:20:00,33,50,23,52,2119,92.9,23.0,60.68,32.07
2026-06-04T10:25:00,38,47,31,52,2016,92.8,25.9,60.68,37.08
2026-06-04T10:30:00,39,56,20,53,2092,92.7,24.6,60.68,22.44
2026-06-04T10:35:00,43,57,18,52,1953,92.7,25.7,60.69,55.64
2026-06-04T10:40:00,38,55,21,55,2343,92.6,24.4,60.69,41.39
2026-06-04T10:45:00,39,57,25,55,2481,92.5,25.4,60.69,42.34
2026-06-04T10:50:00,38,49,24,50,1906,92.4,24.9,60.69,39.29
2026-06-04T10:55:00,35,54,15,49,1897,92.3,22.5,60.7,46.84
2026-06-04T11:00:00,44,54,24,57,2509,92.2,27.0,60.7,41.29
2026-06-04T11:05:00,57,63,29,59,2574,92.2,32.3,60.7,37.23
2026-06-04T11:10:00,63,67,46,62,3049,92.1,36.9,60.71,73.65
2026-06-04T11:15:00,70,61,44,66,3259,92.0,39.1,60.71,60.83
2026-06-04T11:20:00,75,70,48,72,3856,91.9,41.5,60.71,79.06
2026-06-04T11:25:00,77,71,40,69,3718,91.9,41.0,60.72,51.16
2026-06-04T11:30:00,77,70,54,74,4049,91.8,43.1,60.72,35.84
2026-06-04T11:35:00,74,65,48,72,3816,91.7,41.1,60.72,52.86
2026-06-04T11:40:00,73,62,53,68,3403,91.6,41.5,60.72,19.02
2026-06-04T11:45:00,70,67,51,71,3654,91.5,40.1,60.73,34.92
2026-06-04T11:50:00,75,63,40,66,3398,91.5,40.2,60.73,59.23
2026-06-04T11:55:00,71,64,38,68,3618,91.3,38.5,60.73,88.65
2026-06-04T12:00:00,69,61,50,66,3320,91.2,39.6,60.74,29.93
2026-06-04T12:05:00,68,67,32,64,3244,91.1,36.6,60.74,81.58
2026-06-04T12:10:00,66,64,48,63,3003,91.0,38.3,60.74,60.66
2026-06-04T12:15:00,65,69,40,63,2921,90.9,36.8,60.74,21.02
2026-06-04T12:20:00,68,64,39,64,3063,90.8,37.6,60.75,39.05
2026-06-04T12:25:00,68,62,47,70,3683,90.8,38.8,60.75,74.82
2026-06-04T12:30:00,73,68,45,71,3849,90.6,40.3,60.75,82.89
2026-06-04T12:35:00,74,73,43,68,3574,90.6,40.4,60.76,101.29
2026-06-04T12:40:00,70,70,52,67,3345,90.6,40.3,60.76,93.93
2026-06-04T12:45:00,75,73,50,69,3736,90.5,41.8,60.76,21.28
2026-06-04T12:50:00,80,75,53,74,4033,90.5,44.0,60.77,68.6
2026-06-04T12:55:00,80,73,51,74,3933,90.4,43.6,60.77,51.23
2026-06-04T13:00:00,83,74,45,72,3776,90.4,43.8,60.77,21.59
2026-06-04T13:05:00,82,66,59,73,3882,90.3,45.6,60.77,92.94
2026-06-04T13:10:00,84,69,45,75,4251,90.2,44.1,60.78,51.51
2026-06-04T13:15:00,86,74,60,76,4292,90.1,47.1,60.78,20.79
2026-06-04T13:20:00,88,78,44,74,4147,90.0,45.4,60.78,23.81
2026-06-04T13:25:00,82,69,52,76,4348,89.9,44.5,60.79,85.1
2026-06-04T13:30:00,80,74,49,73,3937,89.9,43.4,60.79,86.13
2026-06-04T13:35:00,75,70,51,70,3796,89.8,41.9,60.79,35.81
2026-06-04T13:40:00,79,66,52,75,4285,89.7,43.4,60.8,85.38
2026-06-04T13:45:00,82,68,44,74,4176,89.6,43.3,60.8,30.54
2026-06-04T13:50:00,75,64,52,67,3318,89.5,42.0,60.8,41.3
2026-06-04T13:55:00,72,63,37,68,3496,89.4,38.8,60.8,36.67
2026-06-04T14:00:00,78,70,47,68,3630,89.4,42.3,60.81,49.05
2026-06-04T14:05:00,75,73,48,66,3231,89.4,41.5,60.81,16.56
2026-06-04T14:10:00,79,73,41,70,3638,89.3,41.8,60.81,38.18
2026-06-04T14:15:00,78,75,54,74,3989,89.2,43.4,60.82,108.2
2026-06-04T14:20:00,75,63,47,69,3717,89.1,41.3,60.82,23.26
2026-06-04T14:25:00,72,62,37,68,3543,89.0,38.8,60.82,55.41
2026-06-04T14:30:00,68,66,46,70,3773,89.0,38.7,60.83,21.69
2026-06-04T14:35:00,66,68,38,67,3284,88.8,36.8,60.83,35.89
2026-06-04T14:40:00,72,63,41,65,3170,88.7,39.4,60.83,52.38
2026-06-04T14:45:00,78,67,51,72,3936,88.6,42.9,60.84,89.27
2026-06-04T14:50:00,81,66,51,69,3722,88.5,44.0,60.84,59.93
2026-06-04T14:55:00,82,69,55,71,3863,88.5,45.0,60.84,20.73
2026-06-04T15:00:00,81,67,55,76,4390,88.5,44.6,60.84,92.99
2026-06-04T15:05:00,84,73,48,71,3707,88.3,44.6,60.85,93.1
2026-06-04T15:10:00,71,71,41,64,3101,88.3,39.0,60.85,42.8
2026-06-04T15:15:00,70,69,50,69,3545,88.2,40.0,60.85,48.46
2026-06-04T15:20:00,60,63,27,60,2709,88.2,33.0,60.86,35.9
2026-06-04T15:25:00,48,57,20,54,2202,88.1,27.8,60.86,31.6
2026-06-04T15:30:00,42,50,25,56,2549,88.0,26.4,60.86,24.65
2026-06-04T15:35:00,45,55,19,55,2211,88.0,26.6,60.87,59.35
2026-06-04T15:40:00,45,50,28,54,2339,87.9,27.9,60.87,43.81
2026-06-04T15:45:00,41,56,20,54,2399,87.8,25.4,60.87,19.74
2026-06-04T15:50:00,42,52,22,53,2106,87.8,26.0,60.87,31.63
2026-06-04T15:55:00,36,56,21,54,2331,87.7,23.8,60.88,35.37
2026-06-04T16:00:00,45,54,26,53,2105,87.6,27.6,60.88,32.71
2026-06-04T16:05:00,40,58,18,50,1773,87.5,24.7,60.88,45.86
2026-06-04T16:10:00,47,59,26,57,2630,87.4,28.3,60.89,46.9
2026-06-04T16:15:00,38,50,25,51,2106,87.2,25.0,60.89,10.94
2026-06-04T16:20:00,34,46,28,54,2265,87.2,24.1,60.89,16.49
2026-06-04T16:25:00,30,48,19,49,1858,87.1,21.4,60.9,35.61
2026-06-04T16:30:00,28,49,21,48,1812,86.9,20.9,60.9,15.48
2026-06-04T16:35:00,36,51,17,50,1897,86.9,23.2,60.9,36.54
2026-06-04T16:40:00,39,49,23,52,2104,86.8,25.1,60.9,46.62
2026-06-04T16:45:00,38,49,15,48,1629,86.7,23.5,60.91,34.06
2026-06-04T16:50:00,35,45,28,51,2094,86.6,24.4,60.91,33.19
2026-06-04T16:55:00,32,54,28,50,1765,86.6,23.4,60.91,37.0
2026-06-04T17:00:00,36,49,12,48,1800,86.6,22.4,60.92,21.28
2026-06-04T17:05:00,41,55,29,56,2433,86.5,26.7,60.92,31.51
2026-06-04T17:10:00,42,51,19,54,2294,86.3,25.6,60.92,25.34
2026-06-04T17:15:00,41,48,33,52,2228,86.3,27.3,60.92,55.68
2026-06-04T17:20:00,47,55,28,57,2612,86.2,28.6,60.93,25.63
2026-06-04T17:25:00,49,53,25,53,2209,86.1,28.9,60.93,65.03
2026-06-04T17:30:00,40,58,19,54,2260,86.1,24.9,60.93,31.77
2026-06-04T17:35:00,37,50,31,55,2428,86.0,25.6,60.94,9.14
2026-06-04T17:40:00,46,53,24,53,2100,86.0,27.7,60.94,39.44
2026-06-04T17:45:00,52,53,22,55,2229,85.8,29.5,60.94,22.38
2026-06-04T17:50:00,56,61,27,56,2418,85.8,31.6,60.95,74.53
2026-06-04T17:55:00,52,53,32,57,2533,85.6,31.0,60.95,30.99
2026-06-04T18:00:00,54,58,41,58,2647,85.5,33.0,60.95,36.48
2026-06-04T18:05:00,47,57,19,51,1847,85.4,27.3,60.95,38.34
2026-06-04T18:10:00,48,55,25,56,2420,85.2,28.5,60.96,23.56
2026-06-04T18:15:00,53,55,31,62,2835,85.1,31.2,60.96,52.79
2026-06-04T18:20:00,51,53,36,59,2760,85.1,31.2,60.96,21.42
2026-06-04T18:25:00,42,57,20,54,2240,85.0,25.7,60.97,11.45
2026-06-04T18:30:00,37,56,19,50,1977,84.9,23.8,60.97,15.17
2026-06-04T18:35:00,34,51,21,50,1886,84.8,23.0,60.97,35.09
2026-06-04T18:40:00,37,54,14,47,1589,84.8,23.1,60.98,44.8
2026-06-04T18:45:00,37,46,32,51,1893,84.6,25.8,60.98,31.13
2026-06-04T18:50:00,41,55,14,48,1581,84.6,24.5,60.98,52.63
2026-06-04T18:55:00,35,53,14,49,1884,84.5,22.4,60.98,15.66
2026-06-04T19:00:00,41,48,25,56,2371,84.4,26.1,60.99,32.76
2026-06-04T19:05:00,48,52,31,60,2740,84.3,29.4,60.99,66.72
2026-06-04T19:10:00,50,62,24,59,2571,84.3,29.1,60.99,23.44
2026-06-04T19:15:00,49,62,26,56,2454,84.1,29.0,61.0,25.41
